{"cameraMode":{"drawMode":0,"name":"Shaded","section":"Shading Mode"},"sceneLighting":false,"audioPlay":false,"sceneViewState":{"showFog":true,"showMaterialUpdate":false,"showSkybox":false,"showFlares":true,"showImageEffects":true,"showParticleSystems":true},"in2DMode":false,"pivot":{"x":0.22493012249469758,"y":-0.841572642326355,"z":-0.8371745347976685},"rotation":{"x":0.013261175714433194,"y":-0.9633618593215942,"z":0.2717287242412567,"w":0.02284945361316204},"size":1.7165526151657105,"orthographic":false}