{"cameraMode":{"drawMode":0,"name":"Shaded","section":"Shading Mode"},"sceneLighting":false,"audioPlay":false,"sceneViewState":{"showFog":true,"showMaterialUpdate":false,"showSkybox":false,"showFlares":true,"showImageEffects":true,"showParticleSystems":true},"in2DMode":false,"pivot":{"x":4.087327003479004,"y":2.2960171699523927,"z":-4.9309492111206059},"rotation":{"x":-0.059732481837272647,"y":-0.9271254539489746,"z":0.27456900477409365,"w":-0.25378191471099856},"size":2.9934775829315187,"orthographic":false}