{"cameraMode":{"drawMode":0,"name":"Shaded","section":"Shading Mode"},"sceneLighting":false,"audioPlay":false,"sceneViewState":{"showFog":true,"showMaterialUpdate":false,"showSkybox":false,"showFlares":true,"showImageEffects":true,"showParticleSystems":true},"in2DMode":false,"pivot":{"x":9.464919090270996,"y":-2.6758553981781008,"z":-1.4936094284057618},"rotation":{"x":0.009379309602081776,"y":0.9680221676826477,"z":-0.24801136553287507,"w":0.036609407514333728},"size":1.3804677724838257,"orthographic":false}