{"cameraMode":{"drawMode":0,"name":"Shaded","section":"Shading Mode"},"sceneLighting":false,"audioPlay":false,"sceneViewState":{"showFog":true,"showMaterialUpdate":false,"showSkybox":false,"showFlares":true,"showImageEffects":true,"showParticleSystems":true},"in2DMode":false,"pivot":{"x":-2.0,"y":0.9762566089630127,"z":0.030535273253917695},"rotation":{"x":-0.012212993577122689,"y":-0.9732559323310852,"z":0.1917821168899536,"w":-0.1369789093732834},"size":4.425965785980225,"orthographic":false}